{
  "phase": 0,
  "timestamp": "2026-04-06T13:59:27-0700",
  "config": {
    "model_name": "unsloth/gemma-4-E4B-it",
    "load_in_4bit": true,
    "max_seq_length": 1024,
    "lora_rank": 8,
    "lora_alpha": 8,
    "lora_dropout": 0.0,
    "finetune_vision_layers": false,
    "finetune_language_layers": true,
    "finetune_attention_modules": true,
    "finetune_mlp_modules": true,
    "num_train_epochs": 3,
    "per_device_train_batch_size": 1,
    "gradient_accumulation_steps": 8,
    "learning_rate": 0.0002,
    "warmup_ratio": 0.05,
    "weight_decay": 0.01,
    "lr_scheduler_type": "cosine",
    "optim": "adamw_8bit",
    "bf16": true,
    "test_split": 0.2,
    "seed": 3407,
    "max_image_size": 560,
    "inspection_prompt": "You are a visual quality inspector. Examine this image of a hazelnut. Respond with exactly PASS or FAIL on the first line. On the second line, describe what you see."
  },
  "metrics": {
    "auroc": 0.9523601398601398,
    "f1": 0.8461538461538461,
    "precision": 0.8461538461538461,
    "recall": 0.8461538461538461,
    "accuracy": 0.9603960396039604,
    "confusion_matrix": [
      [
        86,
        2
      ],
      [
        2,
        11
      ]
    ],
    "num_test_samples": 101
  },
  "data_split": {
    "train_indices": [
      0,
      1,
      2,
      3,
      4,
      5,
      6,
      7,
      8,
      9,
      10,
      11,
      12,
      13,
      15,
      16,
      17,
      18,
      19,
      20,
      21,
      22,
      23,
      24,
      25,
      26,
      29,
      30,
      31,
      32,
      33,
      34,
      35,
      36,
      37,
      38,
      39,
      40,
      41,
      43,
      44,
      45,
      46,
      47,
      49,
      50,
      51,
      52,
      53,
      54,
      56,
      58,
      59,
      60,
      61,
      62,
      63,
      64,
      66,
      67,
      69,
      70,
      71,
      72,
      73,
      75,
      76,
      77,
      78,
      79,
      80,
      81,
      82,
      83,
      84,
      85,
      87,
      88,
      90,
      91,
      92,
      93,
      94,
      95,
      97,
      98,
      99,
      101,
      103,
      104,
      105,
      106,
      107,
      108,
      109,
      111,
      112,
      113,
      114,
      115,
      117,
      119,
      120,
      122,
      124,
      125,
      126,
      127,
      128,
      129,
      130,
      131,
      132,
      133,
      134,
      135,
      136,
      139,
      141,
      144,
      145,
      146,
      147,
      148,
      149,
      150,
      153,
      154,
      155,
      156,
      157,
      158,
      160,
      163,
      164,
      165,
      166,
      167,
      169,
      170,
      171,
      172,
      173,
      174,
      175,
      178,
      182,
      183,
      185,
      186,
      187,
      188,
      190,
      191,
      192,
      193,
      194,
      195,
      197,
      198,
      199,
      200,
      201,
      202,
      203,
      204,
      205,
      206,
      207,
      208,
      209,
      213,
      214,
      216,
      217,
      218,
      219,
      220,
      221,
      222,
      223,
      224,
      225,
      227,
      228,
      229,
      231,
      232,
      233,
      234,
      235,
      236,
      237,
      238,
      239,
      241,
      242,
      244,
      245,
      246,
      247,
      248,
      250,
      251,
      255,
      256,
      257,
      258,
      259,
      260,
      261,
      262,
      264,
      266,
      267,
      269,
      272,
      273,
      274,
      275,
      276,
      280,
      281,
      282,
      283,
      284,
      285,
      286,
      287,
      288,
      289,
      290,
      291,
      292,
      293,
      295,
      296,
      298,
      299,
      300,
      302,
      303,
      304,
      305,
      306,
      308,
      309,
      311,
      312,
      317,
      318,
      319,
      320,
      321,
      322,
      324,
      326,
      327,
      328,
      329,
      330,
      331,
      332,
      333,
      334,
      335,
      336,
      337,
      338,
      339,
      341,
      342,
      343,
      344,
      346,
      349,
      350,
      352,
      353,
      354,
      355,
      356,
      357,
      358,
      359,
      360,
      361,
      364,
      365,
      366,
      367,
      368,
      369,
      370,
      371,
      372,
      373,
      375,
      377,
      378,
      379,
      380,
      381,
      382,
      384,
      385,
      386,
      388,
      389,
      390,
      391,
      392,
      394,
      395,
      397,
      398,
      399,
      400,
      401,
      403,
      404,
      405,
      406,
      407,
      408,
      409,
      410,
      412,
      413,
      414,
      415,
      416,
      419,
      420,
      422,
      423,
      424,
      425,
      426,
      427,
      428,
      429,
      430,
      431,
      432,
      433,
      434,
      435,
      437,
      438,
      439,
      440,
      441,
      442,
      443,
      444,
      446,
      447,
      448,
      450,
      451,
      452,
      454,
      456,
      457,
      458,
      459,
      460,
      462,
      463,
      464,
      466,
      468,
      469,
      470,
      471,
      472,
      473,
      474,
      475,
      476,
      478,
      479,
      480,
      481,
      482,
      483,
      484,
      485,
      486,
      487,
      489,
      490,
      491,
      492,
      493,
      496,
      497,
      498,
      499
    ],
    "val_indices": [
      14,
      27,
      28,
      42,
      48,
      55,
      57,
      65,
      68,
      74,
      86,
      89,
      96,
      100,
      102,
      110,
      116,
      118,
      121,
      123,
      137,
      138,
      140,
      142,
      143,
      151,
      152,
      159,
      161,
      162,
      168,
      176,
      177,
      179,
      180,
      181,
      184,
      189,
      196,
      210,
      211,
      212,
      215,
      226,
      230,
      240,
      243,
      249,
      252,
      253,
      254,
      263,
      265,
      268,
      270,
      271,
      277,
      278,
      279,
      294,
      297,
      301,
      307,
      310,
      313,
      314,
      315,
      316,
      323,
      325,
      340,
      345,
      347,
      348,
      351,
      362,
      363,
      374,
      376,
      383,
      387,
      393,
      396,
      402,
      411,
      417,
      418,
      421,
      436,
      445,
      449,
      453,
      455,
      461,
      465,
      467,
      477,
      488,
      494,
      495,
      500
    ]
  },
  "gate": {
    "target": "AUROC >= 0.90",
    "passed": true
  }
}