{
  "aggregate": {
    "n_cells": 6,
    "filter": "lift_N=2 > 0.05",
    "mean_ratio": 1.0034078211643247,
    "median_ratio": 0.9990604097903686,
    "min_ratio": 0.9956371295321197,
    "max_ratio": 1.0284090909090908,
    "mean_lift_n1": 0.3663123448132565,
    "mean_lift_n2": 0.36643499261633905,
    "mean_lift_diff": -0.00012264780308257617
  }
}